[{"id": "191044432", "uri": "https://www.inaturalist.org/observations/191044432", "observed_on_details": {"date": "2021-04-05T16:38:15+02:00", "day": 5, "month": 4, "year": 2021}, "quality_grade": "research", "taxon": {"id": "42184", "name": null}, "default_photo": {"url": "https://inaturalist-open-data.s3.amazonaws.com/photos/335047248/large.jpg"}, "user": {"login": "woodshunter"}, "latitude": 55.358692, "longitude": 37.144139}, {"id": "191284991", "uri": "https://www.inaturalist.org/observations/191284991", "observed_on_details": {"date": "2023-11-17T15:14:44+01:00", "day": 17, "month": 11, "year": 2023}, "quality_grade": "needs_id", "taxon": {"id": "42184", "name": null}, "default_photo": {"url": "https://inaturalist-open-data.s3.amazonaws.com/photos/335531742/large.jpeg"}, "user": {"login": "angus10"}, "latitude": 55.476932, "longitude": -2.166621}, {"id": "191096238", "uri": "https://www.inaturalist.org/observations/191096238", "observed_on_details": {"date": "2023-10-01T12:41:00+02:00", "day": 1, "month": 10, "year": 2023}, "quality_grade": "research", "taxon": {"id": "42184", "name": null}, "default_photo": {"url": "https://inaturalist-open-data.s3.amazonaws.com/photos/335153851/large.jpg"}, "user": {"login": "pawel717"}, "latitude": 52.397153, "longitude": 19.428807}, {"id": "190796539", "uri": "https://www.inaturalist.org/observations/190796539", "observed_on_details": {"date": "2023-11-12T12:48:00+01:00", "day": 12, "month": 11, "year": 2023}, "quality_grade": "needs_id", "taxon": {"id": "42184", "name": null}, "default_photo": {"url": "https://static.inaturalist.org/photos/334551101/large.jpg"}, "user": {"login": "maryna_zakharova"}, "latitude": 49.06145, "longitude": 25.809286}, {"id": "191020140", "uri": "https://www.inaturalist.org/observations/191020140", "observed_on_details": {"date": "2023-09-13T19:16:00+02:00", "day": 13, "month": 9, "year": 2023}, "quality_grade": "research", "taxon": {"id": "42184", "name": null}, "default_photo": {"url": "https://static.inaturalist.org/photos/335000398/large.jpg"}, "user": {"login": "ugo_breysse"}, "latitude": 44.312849, "longitude": 3.391856}, {"id": "191352426", "uri": "https://www.inaturalist.org/observations/191352426", "observed_on_details": {"date": "2020-10-11T15:32:00+02:00", "day": 11, "month": 10, "year": 2020}, "quality_grade": "needs_id", "taxon": {"id": "42184", "name": null}, "default_photo": {"url": "https://inaturalist-open-data.s3.amazonaws.com/photos/335667312/large.jpeg"}, "user": {"login": "aegithalos"}, "latitude": 51.744127, "longitude": -1.245687}, {"id": "191108074", "uri": "https://www.inaturalist.org/observations/191108074", "observed_on_details": {"date": "2023-11-15T15:05:00+01:00", "day": 15, "month": 11, "year": 2023}, "quality_grade": "research", "taxon": {"id": "42184", "name": null}, "default_photo": {"url": "https://inaturalist-open-data.s3.amazonaws.com/photos/335178690/large.jpeg"}, "user": {"login": "bonxie62"}, "latitude": 57.615997, "longitude": -1.914498}, {"id": "190782270", "uri": "https://www.inaturalist.org/observations/190782270", "observed_on_details": {"date": "2023-11-10T14:19:00+01:00", "day": 10, "month": 11, "year": 2023}, "quality_grade": "research", "taxon": {"id": "42184", "name": null}, "default_photo": {"url": "https://inaturalist-open-data.s3.amazonaws.com/photos/334528557/large.jpg"}, "user": {"login": "krfl3"}, "latitude": 49.118711, "longitude": 16.600442}, {"id": "190878231", "uri": "https://www.inaturalist.org/observations/190878231", "observed_on_details": {"date": "2023-11-12T00:00:00+01:00", "day": 12, "month": 11, "year": 2023}, "quality_grade": "research", "taxon": {"id": "42184", "name": null}, "default_photo": {"url": "https://inaturalist-open-data.s3.amazonaws.com/photos/334719175/large.jpg"}, "user": {"login": "davidediana"}, "latitude": 44.425084, "longitude": 7.754144}, {"id": "191075675", "uri": "https://www.inaturalist.org/observations/191075675", "observed_on_details": {"date": "2023-11-08T10:17:00+01:00", "day": 8, "month": 11, "year": 2023}, "quality_grade": "needs_id", "taxon": {"id": "42184", "name": null}, "default_photo": {"url": null}, "user": {"login": "emoq"}, "latitude": 59.603325, "longitude": 10.709926}, {"id": "191306485", "uri": "https://www.inaturalist.org/observations/191306485", "observed_on_details": {"date": "2023-08-18T19:34:00+02:00", "day": 18, "month": 8, "year": 2023}, "quality_grade": "research", "taxon": {"id": "42184", "name": null}, "default_photo": {"url": "https://inaturalist-open-data.s3.amazonaws.com/photos/335564984/large.jpg"}, "user": {"login": "stella_met"}, "latitude": 47.326801, "longitude": 5.523827}, {"id": "190904070", "uri": "https://www.inaturalist.org/observations/190904070", "observed_on_details": {"date": "2023-11-13T14:26:42+01:00", "day": 13, "month": 11, "year": 2023}, "quality_grade": "research", "taxon": {"id": "42184", "name": null}, "default_photo": {"url": "https://static.inaturalist.org/photos/334770519/large.jpg"}, "user": {"login": "naturalist96914"}, "latitude": 56.940512, "longitude": 24.492747}, {"id": "190834616", "uri": "https://www.inaturalist.org/observations/190834616", "observed_on_details": {"date": "2023-11-11T12:43:21+01:00", "day": 11, "month": 11, "year": 2023}, "quality_grade": "research", "taxon": {"id": "42184", "name": null}, "default_photo": {"url": "https://static.inaturalist.org/photos/334632267/large.jpg"}, "user": {"login": "samuelchalifour"}, "latitude": 49.136362, "longitude": 6.824051}, {"id": "191086988", "uri": "https://www.inaturalist.org/observations/191086988", "observed_on_details": {"date": "2023-11-11T16:17:47+01:00", "day": 11, "month": 11, "year": 2023}, "quality_grade": "research", "taxon": {"id": "42184", "name": null}, "default_photo": {"url": "https://inaturalist-open-data.s3.amazonaws.com/photos/335189773/large.jpeg"}, "user": {"login": "ele_phas"}, "latitude": 43.627353, "longitude": 11.119377}, {"id": "191024892", "uri": "https://www.inaturalist.org/observations/191024892", "observed_on_details": {"date": "2010-01-02T12:58:00+01:00", "day": 2, "month": 1, "year": 2010}, "quality_grade": "research", "taxon": {"id": "42184", "name": null}, "default_photo": {"url": "https://static.inaturalist.org/photos/335009253/large.jpg"}, "user": {"login": "michal_u"}, "latitude": 50.138565, "longitude": 19.82737}, {"id": "190869672", "uri": "https://www.inaturalist.org/observations/190869672", "observed_on_details": {"date": "2023-07-25T00:00:00+02:00", "day": 25, "month": 7, "year": 2023}, "quality_grade": "research", "taxon": {"id": "42184", "name": null}, "default_photo": {"url": "https://inaturalist-open-data.s3.amazonaws.com/photos/334700511/large.jpeg"}, "user": {"login": "maiwennjub"}, "latitude": 48.714095, "longitude": 2.960153}, {"id": "190782712", "uri": "https://www.inaturalist.org/observations/190782712", "observed_on_details": {"date": "2022-09-16T17:36:13+02:00", "day": 16, "month": 9, "year": 2022}, "quality_grade": "research", "taxon": {"id": "42184", "name": null}, "default_photo": {"url": "https://inaturalist-open-data.s3.amazonaws.com/photos/334530136/large.jpeg"}, "user": {"login": "robotriot"}, "latitude": 48.916745, "longitude": 12.592877}, {"id": "190905298", "uri": "https://www.inaturalist.org/observations/190905298", "observed_on_details": {"date": "2023-11-13T07:58:11+01:00", "day": 13, "month": 11, "year": 2023}, "quality_grade": "research", "taxon": {"id": "42184", "name": null}, "default_photo": {"url": "https://inaturalist-open-data.s3.amazonaws.com/photos/334772772/large.jpg"}, "user": {"login": "alex_sosn"}, "latitude": 60.165253, "longitude": 24.760005}, {"id": "191169268", "uri": "https://www.inaturalist.org/observations/191169268", "observed_on_details": {"date": "2015-11-21T00:00:00+01:00", "day": 21, "month": 11, "year": 2015}, "quality_grade": "research", "taxon": {"id": "42184", "name": null}, "default_photo": {"url": "https://inaturalist-open-data.s3.amazonaws.com/photos/335301576/large.jpeg"}, "user": {"login": "alberto_delaio"}, "latitude": 39.844004, "longitude": -6.079991}, {"id": "191114093", "uri": "https://www.inaturalist.org/observations/191114093", "observed_on_details": {"date": "2023-11-13T09:26:56+01:00", "day": 13, "month": 11, "year": 2023}, "quality_grade": "needs_id", "taxon": {"id": "42184", "name": null}, "default_photo": {"url": "https://static.inaturalist.org/photos/335190479/large.jpeg"}, "user": {"login": "l_kat"}, "latitude": 51.309687, "longitude": 28.901225}, {"id": "190800446", "uri": "https://www.inaturalist.org/observations/190800446", "observed_on_details": {"date": "2004-08-15T00:00:00+02:00", "day": 15, "month": 8, "year": 2004}, "quality_grade": "research", "taxon": {"id": "42184", "name": null}, "default_photo": {"url": "https://static.inaturalist.org/photos/334565361/large.jpg"}, "user": {"login": "robert_ulph"}, "latitude": 57.012839, "longitude": -3.558717}, {"id": "191115069", "uri": "https://www.inaturalist.org/observations/191115069", "observed_on_details": {"date": "2023-11-15T12:01:00+01:00", "day": 15, "month": 11, "year": 2023}, "quality_grade": "research", "taxon": {"id": "42184", "name": null}, "default_photo": {"url": "https://inaturalist-open-data.s3.amazonaws.com/photos/335192180/large.jpg"}, "user": {"login": "glosterbirder"}, "latitude": 51.794968, "longitude": -1.883894}, {"id": "191254214", "uri": "https://www.inaturalist.org/observations/191254214", "observed_on_details": {"date": "2023-10-25T11:06:00+02:00", "day": 25, "month": 10, "year": 2023}, "quality_grade": "research", "taxon": {"id": "42184", "name": null}, "default_photo": {"url": "https://inaturalist-open-data.s3.amazonaws.com/photos/335471113/large.jpeg"}, "user": {"login": "amysniff"}, "latitude": 48.753739, "longitude": 2.015327}, {"id": "190806533", "uri": "https://www.inaturalist.org/observations/190806533", "observed_on_details": {"date": "2023-11-12T14:41:00+01:00", "day": 12, "month": 11, "year": 2023}, "quality_grade": "research", "taxon": {"id": "42184", "name": null}, "default_photo": {"url": "https://inaturalist-open-data.s3.amazonaws.com/photos/334576242/large.jpeg"}, "user": {"login": "alcheck_"}, "latitude": 51.405448, "longitude": 6.887444}, {"id": "191347592", "uri": "https://www.inaturalist.org/observations/191347592", "observed_on_details": {"date": "2023-11-16T08:31:51+01:00", "day": 16, "month": 11, "year": 2023}, "quality_grade": "needs_id", "taxon": {"id": "42184", "name": null}, "default_photo": {"url": "https://inaturalist-open-data.s3.amazonaws.com/photos/335659010/large.jpeg"}, "user": {"login": "szymon_czyzewski"}, "latitude": 56.170243, "longitude": 10.132381}, {"id": "191256225", "uri": "https://www.inaturalist.org/observations/191256225", "observed_on_details": {"date": "2023-11-04T17:43:00+01:00", "day": 4, "month": 11, "year": 2023}, "quality_grade": "research", "taxon": {"id": "42184", "name": null}, "default_photo": {"url": "https://static.inaturalist.org/photos/335474878/large.jpg"}, "user": {"login": "markod"}, "latitude": 45.535034, "longitude": 17.727056}, {"id": "191357216", "uri": "https://www.inaturalist.org/observations/191357216", "observed_on_details": {"date": "2023-11-18T12:26:45+01:00", "day": 18, "month": 11, "year": 2023}, "quality_grade": "needs_id", "taxon": {"id": "42184", "name": null}, "default_photo": {"url": "https://static.inaturalist.org/photos/335678817/large.jpeg"}, "user": {"login": "miguel_guerreiro"}, "latitude": 46.641118, "longitude": 13.906105}, {"id": "191336975", "uri": "https://www.inaturalist.org/observations/191336975", "observed_on_details": {"date": "2023-11-17T00:00:00+01:00", "day": 17, "month": 11, "year": 2023}, "quality_grade": "research", "taxon": {"id": "42184", "name": null}, "default_photo": {"url": "https://inaturalist-open-data.s3.amazonaws.com/photos/335638542/large.jpeg"}, "user": {"login": "axelgosseries"}, "latitude": 50.468138, "longitude": 3.679871}, {"id": "191083415", "uri": "https://www.inaturalist.org/observations/191083415", "observed_on_details": {"date": "2023-10-29T19:33:00+01:00", "day": 29, "month": 10, "year": 2023}, "quality_grade": "research", "taxon": {"id": "42184", "name": null}, "default_photo": {"url": "https://static.inaturalist.org/photos/335128709/large.jpg"}, "user": {"login": "markod"}, "latitude": 45.517696, "longitude": 17.669632}, {"id": "191173453", "uri": "https://www.inaturalist.org/observations/191173453", "observed_on_details": {"date": "2023-11-07T12:55:00+01:00", "day": 7, "month": 11, "year": 2023}, "quality_grade": "needs_id", "taxon": {"id": "42184", "name": null}, "default_photo": {"url": "https://inaturalist-open-data.s3.amazonaws.com/photos/335307044/large.jpg"}, "user": {"login": "marina_gorbunova"}, "latitude": 55.186498, "longitude": 20.872091}, {"id": "191026354", "uri": "https://www.inaturalist.org/observations/191026354", "observed_on_details": {"date": "2023-11-14T17:55:00+01:00", "day": 14, "month": 11, "year": 2023}, "quality_grade": "research", "taxon": {"id": "42184", "name": null}, "default_photo": {"url": "https://inaturalist-open-data.s3.amazonaws.com/photos/335012355/large.jpeg"}, "user": {"login": "laurentbarthe"}, "latitude": 43.580282, "longitude": 1.220915}, {"id": "191078899", "uri": "https://www.inaturalist.org/observations/191078899", "observed_on_details": {"date": null, "day": null, "month": null, "year": null}, "quality_grade": "needs_id", "taxon": {"id": "42184", "name": null}, "default_photo": {"url": "https://static.inaturalist.org/photos/335119820/large.png"}, "user": {"login": "giadacignetti"}, "latitude": 45.791342, "longitude": 7.766337}, {"id": "190784794", "uri": "https://www.inaturalist.org/observations/190784794", "observed_on_details": {"date": "2023-11-11T18:05:00+01:00", "day": 11, "month": 11, "year": 2023}, "quality_grade": "research", "taxon": {"id": "42184", "name": null}, "default_photo": {"url": "https://static.inaturalist.org/photos/334534905/large.jpeg"}, "user": {"login": "leo_lemaire"}, "latitude": 50.716695, "longitude": 3.686824}, {"id": "191076050", "uri": "https://www.inaturalist.org/observations/191076050", "observed_on_details": {"date": "2023-10-30T02:34:00+01:00", "day": 30, "month": 10, "year": 2023}, "quality_grade": "research", "taxon": {"id": "42184", "name": null}, "default_photo": {"url": "https://inaturalist-open-data.s3.amazonaws.com/photos/335113097/large.jpeg"}, "user": {"login": "hatwise"}, "latitude": 50.870992, "longitude": -1.786748}, {"id": "191083141", "uri": "https://www.inaturalist.org/observations/191083141", "observed_on_details": {"date": "2023-10-22T03:37:00+02:00", "day": 22, "month": 10, "year": 2023}, "quality_grade": "research", "taxon": {"id": "42184", "name": null}, "default_photo": {"url": "https://static.inaturalist.org/photos/335128141/large.jpg"}, "user": {"login": "markod"}, "latitude": 45.517696, "longitude": 17.669632}, {"id": "190992812", "uri": "https://www.inaturalist.org/observations/190992812", "observed_on_details": {"date": "2023-08-17T19:32:00+02:00", "day": 17, "month": 8, "year": 2023}, "quality_grade": "research", "taxon": {"id": "42184", "name": null}, "default_photo": {"url": "https://inaturalist-open-data.s3.amazonaws.com/photos/334945793/large.jpg"}, "user": {"login": "elian_vuillemot"}, "latitude": 47.313277, "longitude": 5.508809}, {"id": "190878167", "uri": "https://www.inaturalist.org/observations/190878167", "observed_on_details": {"date": "2023-11-12T00:00:00+01:00", "day": 12, "month": 11, "year": 2023}, "quality_grade": "research", "taxon": {"id": "42184", "name": null}, "default_photo": {"url": "https://inaturalist-open-data.s3.amazonaws.com/photos/334719094/large.jpg"}, "user": {"login": "davidediana"}, "latitude": 44.425084, "longitude": 7.754144}, {"id": "191118894", "uri": "https://www.inaturalist.org/observations/191118894", "observed_on_details": {"date": null, "day": null, "month": null, "year": null}, "quality_grade": "research", "taxon": {"id": "42184", "name": null}, "default_photo": {"url": "https://inaturalist-open-data.s3.amazonaws.com/photos/335197951/large.jpeg"}, "user": {"login": "blackscar17"}, "latitude": 53.513937, "longitude": 9.785426}, {"id": "191156414", "uri": "https://www.inaturalist.org/observations/191156414", "observed_on_details": {"date": "2023-08-11T12:20:19+02:00", "day": 11, "month": 8, "year": 2023}, "quality_grade": "research", "taxon": {"id": "42184", "name": null}, "default_photo": {"url": "https://static.inaturalist.org/photos/335275505/large.jpeg"}, "user": {"login": "stefano1081"}, "latitude": 45.929191, "longitude": 8.479416}, {"id": "191095710", "uri": "https://www.inaturalist.org/observations/191095710", "observed_on_details": {"date": "2023-11-15T15:23:18+01:00", "day": 15, "month": 11, "year": 2023}, "quality_grade": "research", "taxon": {"id": "42184", "name": null}, "default_photo": {"url": "https://static.inaturalist.org/photos/335153049/large.jpeg"}, "user": {"login": "lefebvremax"}, "latitude": 48.227158, "longitude": 4.631693}, {"id": "191039236", "uri": "https://www.inaturalist.org/observations/191039236", "observed_on_details": {"date": "2023-11-12T19:16:00+01:00", "day": 12, "month": 11, "year": 2023}, "quality_grade": "research", "taxon": {"id": "42184", "name": null}, "default_photo": {"url": "https://static.inaturalist.org/photos/335036961/large.jpeg"}, "user": {"login": "lorenzo190"}, "latitude": 41.545841, "longitude": -3.652838}, {"id": "191118890", "uri": "https://www.inaturalist.org/observations/191118890", "observed_on_details": {"date": null, "day": null, "month": null, "year": null}, "quality_grade": "research", "taxon": {"id": "42184", "name": null}, "default_photo": {"url": "https://inaturalist-open-data.s3.amazonaws.com/photos/335197122/large.jpeg"}, "user": {"login": "blackscar17"}, "latitude": 53.446062, "longitude": 9.780449}, {"id": "191195781", "uri": "https://www.inaturalist.org/observations/191195781", "observed_on_details": {"date": "2023-11-13T08:53:00+01:00", "day": 13, "month": 11, "year": 2023}, "quality_grade": "research", "taxon": {"id": "42184", "name": null}, "default_photo": {"url": "https://inaturalist-open-data.s3.amazonaws.com/photos/335354790/large.jpg"}, "user": {"login": "thomas_messner"}, "latitude": 46.727574, "longitude": 11.642926}, {"id": "190803286", "uri": "https://www.inaturalist.org/observations/190803286", "observed_on_details": {"date": "2020-04-12T15:50:00+02:00", "day": 12, "month": 4, "year": 2020}, "quality_grade": "research", "taxon": {"id": "42184", "name": null}, "default_photo": {"url": "https://inaturalist-open-data.s3.amazonaws.com/photos/334571249/large.jpeg"}, "user": {"login": "robotriot"}, "latitude": 48.976789, "longitude": 12.123867}, {"id": "191083416", "uri": "https://www.inaturalist.org/observations/191083416", "observed_on_details": {"date": "2023-10-27T17:29:00+02:00", "day": 27, "month": 10, "year": 2023}, "quality_grade": "research", "taxon": {"id": "42184", "name": null}, "default_photo": {"url": "https://static.inaturalist.org/photos/335128703/large.jpg"}, "user": {"login": "markod"}, "latitude": 45.517696, "longitude": 17.669632}, {"id": "191194011", "uri": "https://www.inaturalist.org/observations/191194011", "observed_on_details": {"date": "2023-11-16T11:33:00+01:00", "day": 16, "month": 11, "year": 2023}, "quality_grade": "research", "taxon": {"id": "42184", "name": null}, "default_photo": {"url": "https://inaturalist-open-data.s3.amazonaws.com/photos/335348288/large.jpg"}, "user": {"login": "sturuss"}, "latitude": 51.932233, "longitude": 7.535543}, {"id": "191017720", "uri": "https://www.inaturalist.org/observations/191017720", "observed_on_details": {"date": "2023-11-08T18:16:00+01:00", "day": 8, "month": 11, "year": 2023}, "quality_grade": "research", "taxon": {"id": "42184", "name": null}, "default_photo": {"url": "https://static.inaturalist.org/photos/334995785/large.jpg"}, "user": {"login": "ugo_breysse"}, "latitude": 44.605684, "longitude": 3.479268}, {"id": "190980824", "uri": "https://www.inaturalist.org/observations/190980824", "observed_on_details": {"date": "2023-11-13T00:51:56+01:00", "day": 13, "month": 11, "year": 2023}, "quality_grade": "research", "taxon": {"id": "42184", "name": null}, "default_photo": {"url": "https://inaturalist-open-data.s3.amazonaws.com/photos/334921800/large.jpg"}, "user": {"login": "max_devis"}, "latitude": 51.321204, "longitude": 4.897609}, {"id": "190791041", "uri": "https://www.inaturalist.org/observations/190791041", "observed_on_details": {"date": "2021-12-22T23:27:16+01:00", "day": 22, "month": 12, "year": 2021}, "quality_grade": "research", "taxon": {"id": "42184", "name": null}, "default_photo": {"url": "https://inaturalist-open-data.s3.amazonaws.com/photos/334546887/large.jpg"}, "user": {"login": "norre007"}, "latitude": 57.115054, "longitude": 12.27482}, {"id": "191278532", "uri": "https://www.inaturalist.org/observations/191278532", "observed_on_details": {"date": "2023-11-17T15:11:00+01:00", "day": 17, "month": 11, "year": 2023}, "quality_grade": "research", "taxon": {"id": "42184", "name": null}, "default_photo": {"url": "https://inaturalist-open-data.s3.amazonaws.com/photos/335518508/large.jpeg"}, "user": {"login": "laurentbarthe"}, "latitude": 43.727553, "longitude": 0.203468}, {"id": "191265494", "uri": "https://www.inaturalist.org/observations/191265494", "observed_on_details": {"date": "2023-10-10T18:17:00+02:00", "day": 10, "month": 10, "year": 2023}, "quality_grade": "research", "taxon": {"id": "42184", "name": null}, "default_photo": {"url": "https://static.inaturalist.org/photos/335493363/large.jpg"}, "user": {"login": "markod"}, "latitude": 45.436159, "longitude": 17.818677}, {"id": "191262779", "uri": "https://www.inaturalist.org/observations/191262779", "observed_on_details": {"date": "2023-11-17T11:55:09+01:00", "day": 17, "month": 11, "year": 2023}, "quality_grade": "research", "taxon": {"id": "42184", "name": null}, "default_photo": {"url": "https://inaturalist-open-data.s3.amazonaws.com/photos/335487566/large.jpeg"}, "user": {"login": "danielp29"}, "latitude": 54.976188, "longitude": -3.484099}, {"id": "191278166", "uri": "https://www.inaturalist.org/observations/191278166", "observed_on_details": {"date": "2017-08-15T11:25:00+02:00", "day": 15, "month": 8, "year": 2017}, "quality_grade": "research", "taxon": {"id": "42184", "name": null}, "default_photo": {"url": "https://inaturalist-open-data.s3.amazonaws.com/photos/335519005/large.jpg"}, "user": {"login": "manonearth"}, "latitude": 41.615553, "longitude": -6.408083}, {"id": "190818209", "uri": "https://www.inaturalist.org/observations/190818209", "observed_on_details": {"date": "2023-11-12T14:05:00+01:00", "day": 12, "month": 11, "year": 2023}, "quality_grade": "research", "taxon": {"id": "42184", "name": null}, "default_photo": {"url": "https://inaturalist-open-data.s3.amazonaws.com/photos/334598886/large.jpeg"}, "user": {"login": "pastabaum"}, "latitude": 48.295089, "longitude": 16.626604}, {"id": "190796329", "uri": "https://www.inaturalist.org/observations/190796329", "observed_on_details": {"date": "2023-11-12T15:38:17+01:00", "day": 12, "month": 11, "year": 2023}, "quality_grade": "research", "taxon": {"id": "42184", "name": null}, "default_photo": {"url": "https://inaturalist-open-data.s3.amazonaws.com/photos/334557971/large.jpeg"}, "user": {"login": "jacqueline_foller"}, "latitude": 47.06338, "longitude": 15.600114}, {"id": "191168702", "uri": "https://www.inaturalist.org/observations/191168702", "observed_on_details": {"date": "2017-07-09T08:11:00+02:00", "day": 9, "month": 7, "year": 2017}, "quality_grade": "research", "taxon": {"id": "42184", "name": null}, "default_photo": {"url": "https://static.inaturalist.org/photos/335299717/large.jpeg"}, "user": {"login": "robert_ulph"}, "latitude": 51.042201, "longitude": -0.80024}, {"id": "191262761", "uri": "https://www.inaturalist.org/observations/191262761", "observed_on_details": {"date": "2023-11-17T11:39:34+01:00", "day": 17, "month": 11, "year": 2023}, "quality_grade": "research", "taxon": {"id": "42184", "name": null}, "default_photo": {"url": "https://inaturalist-open-data.s3.amazonaws.com/photos/335487531/large.jpeg"}, "user": {"login": "danielp29"}, "latitude": 54.976188, "longitude": -3.484099}, {"id": "191083414", "uri": "https://www.inaturalist.org/observations/191083414", "observed_on_details": {"date": "2023-10-27T15:06:00+02:00", "day": 27, "month": 10, "year": 2023}, "quality_grade": "research", "taxon": {"id": "42184", "name": null}, "default_photo": {"url": "https://static.inaturalist.org/photos/335128696/large.jpg"}, "user": {"login": "markod"}, "latitude": 45.517696, "longitude": 17.669632}, {"id": "191268502", "uri": "https://www.inaturalist.org/observations/191268502", "observed_on_details": {"date": "2023-09-21T19:07:00+02:00", "day": 21, "month": 9, "year": 2023}, "quality_grade": "research", "taxon": {"id": "42184", "name": null}, "default_photo": {"url": "https://static.inaturalist.org/photos/335499057/large.jpg"}, "user": {"login": "markod"}, "latitude": 45.486647, "longitude": 17.817656}, {"id": "190992493", "uri": "https://www.inaturalist.org/observations/190992493", "observed_on_details": {"date": null, "day": null, "month": null, "year": null}, "quality_grade": "research", "taxon": {"id": "42184", "name": null}, "default_photo": {"url": "https://inaturalist-open-data.s3.amazonaws.com/photos/334946956/large.jpeg"}, "user": {"login": "mopsinator44"}, "latitude": 48.732864, "longitude": 8.128544}, {"id": "190985738", "uri": "https://www.inaturalist.org/observations/190985738", "observed_on_details": {"date": "2020-04-18T14:15:00+02:00", "day": 18, "month": 4, "year": 2020}, "quality_grade": "research", "taxon": {"id": "42184", "name": null}, "default_photo": {"url": "https://inaturalist-open-data.s3.amazonaws.com/photos/334932439/large.jpeg"}, "user": {"login": "kr_greinwald"}, "latitude": 48.443884, "longitude": 7.860108}, {"id": "191265826", "uri": "https://www.inaturalist.org/observations/191265826", "observed_on_details": {"date": "2023-10-17T07:34:00+02:00", "day": 17, "month": 10, "year": 2023}, "quality_grade": "research", "taxon": {"id": "42184", "name": null}, "default_photo": {"url": "https://static.inaturalist.org/photos/335494115/large.jpg"}, "user": {"login": "markod"}, "latitude": 45.436159, "longitude": 17.818677}, {"id": "190723366", "uri": "https://www.inaturalist.org/observations/190723366", "observed_on_details": {"date": "2023-11-05T16:18:00+01:00", "day": 5, "month": 11, "year": 2023}, "quality_grade": "research", "taxon": {"id": "42184", "name": null}, "default_photo": {"url": "https://inaturalist-open-data.s3.amazonaws.com/photos/334409904/large.jpeg"}, "user": {"login": "martinedesmolles"}, "latitude": 45.543093, "longitude": 4.923817}, {"id": "190829570", "uri": "https://www.inaturalist.org/observations/190829570", "observed_on_details": {"date": "2023-06-18T06:50:00+02:00", "day": 18, "month": 6, "year": 2023}, "quality_grade": "research", "taxon": {"id": "42184", "name": null}, "default_photo": {"url": "https://inaturalist-open-data.s3.amazonaws.com/photos/334622306/large.jpeg"}, "user": {"login": "ivanovdg19"}, "latitude": 56.451005, "longitude": 32.962723}, {"id": "191000903", "uri": "https://www.inaturalist.org/observations/191000903", "observed_on_details": {"date": "2023-11-14T14:18:00+01:00", "day": 14, "month": 11, "year": 2023}, "quality_grade": "research", "taxon": {"id": "42184", "name": null}, "default_photo": {"url": "https://inaturalist-open-data.s3.amazonaws.com/photos/334963051/large.jpeg"}, "user": {"login": "harrypatta"}, "latitude": 49.740763, "longitude": 9.022973}, {"id": "190781990", "uri": "https://www.inaturalist.org/observations/190781990", "observed_on_details": {"date": "2021-06-12T13:55:59+02:00", "day": 12, "month": 6, "year": 2021}, "quality_grade": "research", "taxon": {"id": "42184", "name": null}, "default_photo": {"url": "https://inaturalist-open-data.s3.amazonaws.com/photos/334528769/large.jpeg"}, "user": {"login": "robotriot"}, "latitude": 48.988365, "longitude": 12.638987}, {"id": "190840406", "uri": "https://www.inaturalist.org/observations/190840406", "observed_on_details": {"date": "2023-08-13T06:46:00+02:00", "day": 13, "month": 8, "year": 2023}, "quality_grade": "research", "taxon": {"id": "42184", "name": null}, "default_photo": {"url": "https://inaturalist-open-data.s3.amazonaws.com/photos/334638297/large.jpeg"}, "user": {"login": "francesco_peterlana"}, "latitude": 46.040715, "longitude": 11.069722}, {"id": "191160076", "uri": "https://www.inaturalist.org/observations/191160076", "observed_on_details": {"date": "2023-09-24T10:22:00+02:00", "day": 24, "month": 9, "year": 2023}, "quality_grade": "research", "taxon": {"id": "42184", "name": null}, "default_photo": {"url": "https://inaturalist-open-data.s3.amazonaws.com/photos/335284749/large.jpeg"}, "user": {"login": "ppiero"}, "latitude": 44.957903, "longitude": 8.098761}, {"id": "191160759", "uri": "https://www.inaturalist.org/observations/191160759", "observed_on_details": {"date": "2023-11-03T15:01:00+01:00", "day": 3, "month": 11, "year": 2023}, "quality_grade": "research", "taxon": {"id": "42184", "name": null}, "default_photo": {"url": "https://inaturalist-open-data.s3.amazonaws.com/photos/335284492/large.jpg"}, "user": {"login": "ppiero"}, "latitude": 44.96069, "longitude": 8.08411}, {"id": "190840414", "uri": "https://www.inaturalist.org/observations/190840414", "observed_on_details": {"date": "2023-08-22T20:15:00+02:00", "day": 22, "month": 8, "year": 2023}, "quality_grade": "research", "taxon": {"id": "42184", "name": null}, "default_photo": {"url": "https://inaturalist-open-data.s3.amazonaws.com/photos/334638568/large.jpeg"}, "user": {"login": "francesco_peterlana"}, "latitude": 46.14395, "longitude": 11.130218}, {"id": "191074090", "uri": "https://www.inaturalist.org/observations/191074090", "observed_on_details": {"date": "2023-11-12T13:44:22+01:00", "day": 12, "month": 11, "year": 2023}, "quality_grade": "research", "taxon": {"id": "42184", "name": null}, "default_photo": {"url": "https://inaturalist-open-data.s3.amazonaws.com/photos/335109705/large.jpeg"}, "user": {"login": "teppomutanen"}, "latitude": 64.869115, "longitude": 25.485461}, {"id": "190705654", "uri": "https://www.inaturalist.org/observations/190705654", "observed_on_details": {"date": "2023-11-11T16:44:00+01:00", "day": 11, "month": 11, "year": 2023}, "quality_grade": "research", "taxon": {"id": "42184", "name": null}, "default_photo": {"url": "https://inaturalist-open-data.s3.amazonaws.com/photos/334373106/large.jpeg"}, "user": {"login": "alcheck_"}, "latitude": 51.409183, "longitude": 6.877498}, {"id": "190838287", "uri": "https://www.inaturalist.org/observations/190838287", "observed_on_details": {"date": "2023-11-12T09:16:00+01:00", "day": 12, "month": 11, "year": 2023}, "quality_grade": "research", "taxon": {"id": "42184", "name": null}, "default_photo": {"url": "https://static.inaturalist.org/photos/334639003/large.jpeg"}, "user": {"login": "olli_gebhardt"}, "latitude": 47.734318, "longitude": 16.800711}, {"id": "191006747", "uri": "https://www.inaturalist.org/observations/191006747", "observed_on_details": {"date": "2023-11-14T14:14:12+01:00", "day": 14, "month": 11, "year": 2023}, "quality_grade": "research", "taxon": {"id": "42184", "name": null}, "default_photo": {"url": "https://inaturalist-open-data.s3.amazonaws.com/photos/334974700/large.jpg"}, "user": {"login": "gauthier-quievreux"}, "latitude": 49.992655, "longitude": 5.421762}, {"id": "190941944", "uri": "https://www.inaturalist.org/observations/190941944", "observed_on_details": {"date": "2023-11-13T14:10:37+01:00", "day": 13, "month": 11, "year": 2023}, "quality_grade": "research", "taxon": {"id": "42184", "name": null}, "default_photo": {"url": "https://static.inaturalist.org/photos/334843586/large.jpeg"}, "user": {"login": "eva_saison"}, "latitude": 51.542653, "longitude": 9.914808}, {"id": "191278526", "uri": "https://www.inaturalist.org/observations/191278526", "observed_on_details": {"date": "2023-11-17T15:20:00+01:00", "day": 17, "month": 11, "year": 2023}, "quality_grade": "research", "taxon": {"id": "42184", "name": null}, "default_photo": {"url": "https://inaturalist-open-data.s3.amazonaws.com/photos/335518261/large.jpeg"}, "user": {"login": "laurentbarthe"}, "latitude": 43.750358, "longitude": 0.261589}, {"id": "191255277", "uri": "https://www.inaturalist.org/observations/191255277", "observed_on_details": {"date": "2023-10-30T18:07:00+01:00", "day": 30, "month": 10, "year": 2023}, "quality_grade": "research", "taxon": {"id": "42184", "name": null}, "default_photo": {"url": "https://static.inaturalist.org/photos/335473196/large.jpg"}, "user": {"login": "markod"}, "latitude": 45.535034, "longitude": 17.727056}, {"id": "190772947", "uri": "https://www.inaturalist.org/observations/190772947", "observed_on_details": {"date": null, "day": null, "month": null, "year": null}, "quality_grade": "research", "taxon": {"id": "42184", "name": null}, "default_photo": {"url": "https://static.inaturalist.org/photos/334510801/large.jpeg"}, "user": {"login": "aaron1472"}, "latitude": 50.962032, "longitude": 7.158054}, {"id": "190758548", "uri": "https://www.inaturalist.org/observations/190758548", "observed_on_details": {"date": "2022-04-13T10:12:00+02:00", "day": 13, "month": 4, "year": 2022}, "quality_grade": "research", "taxon": {"id": "42184", "name": null}, "default_photo": {"url": "https://inaturalist-open-data.s3.amazonaws.com/photos/334480015/large.jpeg"}, "user": {"login": "hawnzd"}, "latitude": 49.489655, "longitude": 7.49623}, {"id": "191265827", "uri": "https://www.inaturalist.org/observations/191265827", "observed_on_details": {"date": "2023-10-18T07:29:00+02:00", "day": 18, "month": 10, "year": 2023}, "quality_grade": "research", "taxon": {"id": "42184", "name": null}, "default_photo": {"url": "https://static.inaturalist.org/photos/335494126/large.jpg"}, "user": {"login": "markod"}, "latitude": 45.436159, "longitude": 17.818677}, {"id": "191180893", "uri": "https://www.inaturalist.org/observations/191180893", "observed_on_details": {"date": "2023-11-16T15:08:00+01:00", "day": 16, "month": 11, "year": 2023}, "quality_grade": "research", "taxon": {"id": "42184", "name": null}, "default_photo": {"url": "https://static.inaturalist.org/photos/335325883/large.jpeg"}, "user": {"login": "andl0521"}, "latitude": 48.144539, "longitude": 16.453966}, {"id": "191102912", "uri": "https://www.inaturalist.org/observations/191102912", "observed_on_details": {"date": "2023-09-10T20:28:00+02:00", "day": 10, "month": 9, "year": 2023}, "quality_grade": "research", "taxon": {"id": "42184", "name": null}, "default_photo": {"url": "https://inaturalist-open-data.s3.amazonaws.com/photos/335168305/large.jpg"}, "user": {"login": "gauthier-quievreux"}, "latitude": 50.107032, "longitude": 5.342347}, {"id": "190805683", "uri": "https://www.inaturalist.org/observations/190805683", "observed_on_details": {"date": "2023-11-11T16:55:00+01:00", "day": 11, "month": 11, "year": 2023}, "quality_grade": "research", "taxon": {"id": "42184", "name": null}, "default_photo": {"url": "https://inaturalist-open-data.s3.amazonaws.com/photos/334575575/large.jpg"}, "user": {"login": "bvcruz"}, "latitude": 51.017309, "longitude": 2.246923}, {"id": "191276075", "uri": "https://www.inaturalist.org/observations/191276075", "observed_on_details": {"date": "2023-11-17T09:14:53+01:00", "day": 17, "month": 11, "year": 2023}, "quality_grade": "research", "taxon": {"id": "42184", "name": null}, "default_photo": {"url": "https://static.inaturalist.org/photos/335515135/large.jpeg"}, "user": {"login": "stenskjaer"}, "latitude": 55.683398, "longitude": 9.53663}, {"id": "191084993", "uri": "https://www.inaturalist.org/observations/191084993", "observed_on_details": {"date": null, "day": null, "month": null, "year": null}, "quality_grade": "research", "taxon": {"id": "42184", "name": null}, "default_photo": {"url": "https://inaturalist-open-data.s3.amazonaws.com/photos/335132456/large.jpeg"}, "user": {"login": "cobymeester"}, "latitude": 50.140018, "longitude": 5.895003}, {"id": "190911298", "uri": "https://www.inaturalist.org/observations/190911298", "observed_on_details": {"date": "2023-08-04T17:03:00+02:00", "day": 4, "month": 8, "year": 2023}, "quality_grade": "research", "taxon": {"id": "42184", "name": null}, "default_photo": {"url": "https://inaturalist-open-data.s3.amazonaws.com/photos/334784591/large.png"}, "user": {"login": "davoscodes14"}, "latitude": 46.5355, "longitude": 9.654211}, {"id": "191356123", "uri": "https://www.inaturalist.org/observations/191356123", "observed_on_details": {"date": "2023-11-18T13:07:00+01:00", "day": 18, "month": 11, "year": 2023}, "quality_grade": "needs_id", "taxon": {"id": "42184", "name": null}, "default_photo": {"url": "https://inaturalist-open-data.s3.amazonaws.com/photos/335675896/large.jpeg"}, "user": {"login": "milos456"}, "latitude": 41.907108, "longitude": 21.017377}, {"id": "191012146", "uri": "https://www.inaturalist.org/observations/191012146", "observed_on_details": {"date": "2023-11-14T13:58:00+01:00", "day": 14, "month": 11, "year": 2023}, "quality_grade": "research", "taxon": {"id": "42184", "name": null}, "default_photo": {"url": "https://inaturalist-open-data.s3.amazonaws.com/photos/334985557/large.jpg"}, "user": {"login": "serfhof"}, "latitude": 49.65027, "longitude": 6.276755}, {"id": "191272267", "uri": "https://www.inaturalist.org/observations/191272267", "observed_on_details": {"date": "2023-11-13T16:34:57+01:00", "day": 13, "month": 11, "year": 2023}, "quality_grade": "research", "taxon": {"id": "42184", "name": null}, "default_photo": {"url": "https://inaturalist-open-data.s3.amazonaws.com/photos/335507377/large.jpeg"}, "user": {"login": "erdonmezon"}, "latitude": 46.766871, "longitude": 23.514505}, {"id": "190911833", "uri": "https://www.inaturalist.org/observations/190911833", "observed_on_details": {"date": "2023-01-12T07:35:00+01:00", "day": 12, "month": 1, "year": 2023}, "quality_grade": "research", "taxon": {"id": "42184", "name": null}, "default_photo": {"url": "https://inaturalist-open-data.s3.amazonaws.com/photos/334784642/large.jpeg"}, "user": {"login": "davoscodes15"}, "latitude": 46.745554, "longitude": 9.781209}, {"id": "190810690", "uri": "https://www.inaturalist.org/observations/190810690", "observed_on_details": {"date": "2023-11-12T18:29:56+01:00", "day": 12, "month": 11, "year": 2023}, "quality_grade": "research", "taxon": {"id": "42184", "name": null}, "default_photo": {"url": "https://inaturalist-open-data.s3.amazonaws.com/photos/334585278/large.jpeg"}, "user": {"login": "maxgorbunov"}, "latitude": 50.804315, "longitude": 4.652946}, {"id": "190883119", "uri": "https://www.inaturalist.org/observations/190883119", "observed_on_details": {"date": "2023-11-11T13:48:10+01:00", "day": 11, "month": 11, "year": 2023}, "quality_grade": "research", "taxon": {"id": "42184", "name": null}, "default_photo": {"url": "https://static.inaturalist.org/photos/334729154/large.jpeg"}, "user": {"login": "flickamatuta"}, "latitude": 53.773989, "longitude": -2.629375}, {"id": "191265824", "uri": "https://www.inaturalist.org/observations/191265824", "observed_on_details": {"date": "2023-10-13T13:24:00+02:00", "day": 13, "month": 10, "year": 2023}, "quality_grade": "research", "taxon": {"id": "42184", "name": null}, "default_photo": {"url": "https://static.inaturalist.org/photos/335494112/large.jpg"}, "user": {"login": "markod"}, "latitude": 45.436159, "longitude": 17.818677}, {"id": "191254894", "uri": "https://www.inaturalist.org/observations/191254894", "observed_on_details": {"date": "2023-10-28T17:51:00+02:00", "day": 28, "month": 10, "year": 2023}, "quality_grade": "research", "taxon": {"id": "42184", "name": null}, "default_photo": {"url": "https://static.inaturalist.org/photos/335472224/large.jpg"}, "user": {"login": "markod"}, "latitude": 45.535034, "longitude": 17.727056}, {"id": "191214341", "uri": "https://www.inaturalist.org/observations/191214341", "observed_on_details": {"date": "2021-02-01T13:27:00+01:00", "day": 1, "month": 2, "year": 2021}, "quality_grade": "research", "taxon": {"id": "42184", "name": null}, "default_photo": {"url": "https://inaturalist-open-data.s3.amazonaws.com/photos/335385273/large.jpg"}, "user": {"login": "michal_michlewicz"}, "latitude": 53.031295, "longitude": 16.493558}, {"id": "191297983", "uri": "https://www.inaturalist.org/observations/191297983", "observed_on_details": {"date": "2023-11-17T15:18:00+01:00", "day": 17, "month": 11, "year": 2023}, "quality_grade": "research", "taxon": {"id": "42184", "name": null}, "default_photo": {"url": "https://inaturalist-open-data.s3.amazonaws.com/photos/335554485/large.jpeg"}, "user": {"login": "soenkebonde"}, "latitude": 53.988668, "longitude": 9.098008}, {"id": "190770568", "uri": "https://www.inaturalist.org/observations/190770568", "observed_on_details": {"date": "2015-09-04T17:32:00+02:00", "day": 4, "month": 9, "year": 2015}, "quality_grade": "research", "taxon": {"id": "42184", "name": null}, "default_photo": {"url": "https://inaturalist-open-data.s3.amazonaws.com/photos/334502004/large.jpg"}, "user": {"login": "tashamel"}, "latitude": 44.934741, "longitude": 35.23793}, {"id": "191347666", "uri": "https://www.inaturalist.org/observations/191347666", "observed_on_details": {"date": "2013-06-23T09:39:00+02:00", "day": 23, "month": 6, "year": 2013}, "quality_grade": "needs_id", "taxon": {"id": "42184", "name": null}, "default_photo": {"url": "https://static.inaturalist.org/photos/335659177/large.jpeg"}, "user": {"login": "piotr3"}, "latitude": 53.257405, "longitude": 19.121191}, {"id": "191083142", "uri": "https://www.inaturalist.org/observations/191083142", "observed_on_details": {"date": "2023-10-22T07:19:00+02:00", "day": 22, "month": 10, "year": 2023}, "quality_grade": "research", "taxon": {"id": "42184", "name": null}, "default_photo": {"url": "https://static.inaturalist.org/photos/335128145/large.jpg"}, "user": {"login": "markod"}, "latitude": 45.517696, "longitude": 17.669632}, {"id": "190800006", "uri": "https://www.inaturalist.org/observations/190800006", "observed_on_details": {"date": "2008-03-15T09:16:00+01:00", "day": 15, "month": 3, "year": 2008}, "quality_grade": "research", "taxon": {"id": "42184", "name": null}, "default_photo": {"url": "https://static.inaturalist.org/photos/334564615/large.jpeg"}, "user": {"login": "robert_ulph"}, "latitude": 42.633059, "longitude": 23.250098}]