[{"id": "170488158", "uri": "https://www.inaturalist.org/observations/170488158", "observed_on_details": {"date": "2023-07-01T19:50:43+02:00", "day": 1, "month": 7, "year": 2023}, "quality_grade": "needs_id", "taxon": {"id": "42184", "name": null}, "default_photo": {"url": "https://inaturalist-open-data.s3.amazonaws.com/photos/295718981/large.jpeg"}, "user": {"login": "frankie303"}, "latitude": 47.898102, "longitude": 9.994803}, {"id": "170495475", "uri": "https://www.inaturalist.org/observations/170495475", "observed_on_details": {"date": "2023-07-01T16:50:13+02:00", "day": 1, "month": 7, "year": 2023}, "quality_grade": "needs_id", "taxon": {"id": "42184", "name": null}, "default_photo": {"url": "https://static.inaturalist.org/photos/295718599/large.jpeg"}, "user": {"login": "thierry286"}, "latitude": 50.321189, "longitude": 4.839892}, {"id": "170476403", "uri": "https://www.inaturalist.org/observations/170476403", "observed_on_details": {"date": null, "day": null, "month": null, "year": null}, "quality_grade": "research", "taxon": {"id": "42184", "name": null}, "default_photo": {"url": "https://inaturalist-open-data.s3.amazonaws.com/photos/295683934/large.jpg"}, "user": {"login": "maripro"}, "latitude": 50.962378, "longitude": 7.300343}, {"id": "170502019", "uri": "https://www.inaturalist.org/observations/170502019", "observed_on_details": {"date": "2023-07-01T19:12:46+02:00", "day": 1, "month": 7, "year": 2023}, "quality_grade": "needs_id", "taxon": {"id": "42184", "name": null}, "default_photo": {"url": "https://inaturalist-open-data.s3.amazonaws.com/photos/295744592/large.jpeg"}, "user": {"login": "schepd"}, "latitude": 46.354578, "longitude": 15.407419}, {"id": "170485853", "uri": "https://www.inaturalist.org/observations/170485853", "observed_on_details": {"date": "2023-06-24T17:12:00+02:00", "day": 24, "month": 6, "year": 2023}, "quality_grade": "needs_id", "taxon": {"id": "42184", "name": null}, "default_photo": {"url": "https://inaturalist-open-data.s3.amazonaws.com/photos/295696318/large.jpeg"}, "user": {"login": "ivanpazvinas"}, "latitude": 43.155874, "longitude": 0.841857}, {"id": "170444096", "uri": "https://www.inaturalist.org/observations/170444096", "observed_on_details": {"date": "2023-07-01T15:48:37+02:00", "day": 1, "month": 7, "year": 2023}, "quality_grade": "needs_id", "taxon": {"id": "42184", "name": null}, "default_photo": {"url": "https://inaturalist-open-data.s3.amazonaws.com/photos/295625029/large.jpeg"}, "user": {"login": "mskotte"}, "latitude": 55.001132, "longitude": 11.968011}, {"id": "170500704", "uri": "https://www.inaturalist.org/observations/170500704", "observed_on_details": {"date": "2023-07-01T08:53:38+02:00", "day": 1, "month": 7, "year": 2023}, "quality_grade": "research", "taxon": {"id": "42184", "name": null}, "default_photo": {"url": "https://inaturalist-open-data.s3.amazonaws.com/photos/295728274/large.jpeg"}, "user": {"login": "norrland"}, "latitude": 47.935115, "longitude": 9.071056}, {"id": "170458338", "uri": "https://www.inaturalist.org/observations/170458338", "observed_on_details": {"date": "2023-06-27T07:08:00+02:00", "day": 27, "month": 6, "year": 2023}, "quality_grade": "research", "taxon": {"id": "42184", "name": null}, "default_photo": {"url": "https://inaturalist-open-data.s3.amazonaws.com/photos/295649794/large.jpeg"}, "user": {"login": "reddad"}, "latitude": 49.095828, "longitude": 8.542166}, {"id": "170466090", "uri": "https://www.inaturalist.org/observations/170466090", "observed_on_details": {"date": "2023-07-01T11:38:52+02:00", "day": 1, "month": 7, "year": 2023}, "quality_grade": "research", "taxon": {"id": "42184", "name": null}, "default_photo": {"url": "https://inaturalist-open-data.s3.amazonaws.com/photos/295665499/large.jpeg"}, "user": {"login": "marlene020403"}, "latitude": 53.216056, "longitude": 10.016716}, {"id": "170470515", "uri": "https://www.inaturalist.org/observations/170470515", "observed_on_details": {"date": "2023-06-28T19:44:22+02:00", "day": 28, "month": 6, "year": 2023}, "quality_grade": "research", "taxon": {"id": "42184", "name": null}, "default_photo": {"url": "https://inaturalist-open-data.s3.amazonaws.com/photos/295673598/large.jpg"}, "user": {"login": "dagendresen"}, "latitude": 63.056992, "longitude": 7.696063}, {"id": "170458332", "uri": "https://www.inaturalist.org/observations/170458332", "observed_on_details": {"date": "2023-06-11T02:49:00+02:00", "day": 11, "month": 6, "year": 2023}, "quality_grade": "research", "taxon": {"id": "42184", "name": null}, "default_photo": {"url": "https://inaturalist-open-data.s3.amazonaws.com/photos/295624369/large.jpeg"}, "user": {"login": "reddad"}, "latitude": 49.095828, "longitude": 8.542166}, {"id": "170458333", "uri": "https://www.inaturalist.org/observations/170458333", "observed_on_details": {"date": "2023-06-18T07:09:00+02:00", "day": 18, "month": 6, "year": 2023}, "quality_grade": "research", "taxon": {"id": "42184", "name": null}, "default_photo": {"url": "https://inaturalist-open-data.s3.amazonaws.com/photos/295630950/large.jpeg"}, "user": {"login": "reddad"}, "latitude": 49.095828, "longitude": 8.542166}, {"id": "170437739", "uri": "https://www.inaturalist.org/observations/170437739", "observed_on_details": {"date": "2023-06-03T06:18:00+02:00", "day": 3, "month": 6, "year": 2023}, "quality_grade": "research", "taxon": {"id": "42184", "name": null}, "default_photo": {"url": "https://inaturalist-open-data.s3.amazonaws.com/photos/295605308/large.jpeg"}, "user": {"login": "reddad"}, "latitude": 49.095828, "longitude": 8.542166}, {"id": "170458337", "uri": "https://www.inaturalist.org/observations/170458337", "observed_on_details": {"date": "2023-06-25T07:28:00+02:00", "day": 25, "month": 6, "year": 2023}, "quality_grade": "research", "taxon": {"id": "42184", "name": null}, "default_photo": {"url": "https://inaturalist-open-data.s3.amazonaws.com/photos/295646170/large.jpeg"}, "user": {"login": "reddad"}, "latitude": 49.095828, "longitude": 8.542166}, {"id": "170478290", "uri": "https://www.inaturalist.org/observations/170478290", "observed_on_details": {"date": "2023-06-08T08:02:00+02:00", "day": 8, "month": 6, "year": 2023}, "quality_grade": "research", "taxon": {"id": "42184", "name": null}, "default_photo": {"url": "https://inaturalist-open-data.s3.amazonaws.com/photos/295686839/large.jpg"}, "user": {"login": "abodden"}, "latitude": 57.491419, "longitude": -4.248723}]