[{"id": "186669325", "uri": "https://www.inaturalist.org/observations/186669325", "observed_on_details": {"date": "2023-10-08T11:06:56+02:00", "day": 8, "month": 10, "year": 2023}, "quality_grade": "research", "taxon": {"id": "42184", "name": null}, "default_photo": {"url": "https://inaturalist-open-data.s3.amazonaws.com/photos/326272338/large.jpeg"}, "user": {"login": "o815idiot"}, "latitude": 51.494682, "longitude": 11.863228}, {"id": "187621623", "uri": "https://www.inaturalist.org/observations/187621623", "observed_on_details": {"date": "2023-10-15T14:15:33+02:00", "day": 15, "month": 10, "year": 2023}, "quality_grade": "needs_id", "taxon": {"id": "42184", "name": null}, "default_photo": {"url": "https://inaturalist-open-data.s3.amazonaws.com/photos/328155046/large.jpg"}, "user": {"login": "janders8"}, "latitude": 54.589376, "longitude": -1.808358}, {"id": "186574974", "uri": "https://www.inaturalist.org/observations/186574974", "observed_on_details": {"date": "2023-10-05T15:54:00+02:00", "day": 5, "month": 10, "year": 2023}, "quality_grade": "research", "taxon": {"id": "42184", "name": null}, "default_photo": {"url": "https://inaturalist-open-data.s3.amazonaws.com/photos/326083416/large.jpeg"}, "user": {"login": "svatka"}, "latitude": 49.232117, "longitude": 17.354063}, {"id": "187259942", "uri": "https://www.inaturalist.org/observations/187259942", "observed_on_details": {"date": "2023-08-25T06:44:00+02:00", "day": 25, "month": 8, "year": 2023}, "quality_grade": "research", "taxon": {"id": "42184", "name": null}, "default_photo": {"url": "https://static.inaturalist.org/photos/327437696/large.jpeg"}, "user": {"login": "nadinewm"}, "latitude": 47.049532, "longitude": 15.488991}, {"id": "186575448", "uri": "https://www.inaturalist.org/observations/186575448", "observed_on_details": {"date": "2019-04-10T06:15:00+02:00", "day": 10, "month": 4, "year": 2019}, "quality_grade": "research", "taxon": {"id": "42184", "name": null}, "default_photo": {"url": "https://inaturalist-open-data.s3.amazonaws.com/photos/326082844/large.jpeg"}, "user": {"login": "a_emmerson"}, "latitude": 49.655482, "longitude": 10.831427}, {"id": "186697333", "uri": "https://www.inaturalist.org/observations/186697333", "observed_on_details": {"date": "2022-04-05T10:37:00+02:00", "day": 5, "month": 4, "year": 2022}, "quality_grade": "research", "taxon": {"id": "42184", "name": null}, "default_photo": {"url": "https://inaturalist-open-data.s3.amazonaws.com/photos/326328263/large.jpeg"}, "user": {"login": "tinis"}, "latitude": 53.588275, "longitude": 6.697791}, {"id": "187397697", "uri": "https://www.inaturalist.org/observations/187397697", "observed_on_details": {"date": "2023-10-13T17:19:06+02:00", "day": 13, "month": 10, "year": 2023}, "quality_grade": "research", "taxon": {"id": "42184", "name": null}, "default_photo": {"url": "https://inaturalist-open-data.s3.amazonaws.com/photos/327711130/large.jpeg"}, "user": {"login": "carlos_boullon"}, "latitude": 40.211464, "longitude": -1.911778}, {"id": "187260574", "uri": "https://www.inaturalist.org/observations/187260574", "observed_on_details": {"date": "2023-08-22T05:59:00+02:00", "day": 22, "month": 8, "year": 2023}, "quality_grade": "research", "taxon": {"id": "42184", "name": null}, "default_photo": {"url": "https://static.inaturalist.org/photos/327438383/large.jpeg"}, "user": {"login": "nadinewm"}, "latitude": 47.050239, "longitude": 15.492225}, {"id": "187040171", "uri": "https://www.inaturalist.org/observations/187040171", "observed_on_details": {"date": "2023-10-10T08:36:51+02:00", "day": 10, "month": 10, "year": 2023}, "quality_grade": "research", "taxon": {"id": "42184", "name": null}, "default_photo": {"url": "https://inaturalist-open-data.s3.amazonaws.com/photos/327007288/large.jpeg"}, "user": {"login": "mathg89"}, "latitude": 50.267807, "longitude": 4.921801}, {"id": "187260579", "uri": "https://www.inaturalist.org/observations/187260579", "observed_on_details": {"date": "2023-08-23T07:56:00+02:00", "day": 23, "month": 8, "year": 2023}, "quality_grade": "research", "taxon": {"id": "42184", "name": null}, "default_photo": {"url": "https://static.inaturalist.org/photos/327438414/large.jpeg"}, "user": {"login": "nadinewm"}, "latitude": 47.050239, "longitude": 15.492225}, {"id": "187543610", "uri": "https://www.inaturalist.org/observations/187543610", "observed_on_details": {"date": "2023-10-14T22:33:00+02:00", "day": 14, "month": 10, "year": 2023}, "quality_grade": "research", "taxon": {"id": "42184", "name": null}, "default_photo": {"url": "https://inaturalist-open-data.s3.amazonaws.com/photos/327997705/large.png"}, "user": {"login": "cfigueiredo"}, "latitude": 40.262719, "longitude": -7.145642}, {"id": "187260575", "uri": "https://www.inaturalist.org/observations/187260575", "observed_on_details": {"date": "2023-08-23T05:55:00+02:00", "day": 23, "month": 8, "year": 2023}, "quality_grade": "research", "taxon": {"id": "42184", "name": null}, "default_photo": {"url": "https://static.inaturalist.org/photos/327438397/large.jpeg"}, "user": {"login": "nadinewm"}, "latitude": 47.050239, "longitude": 15.492225}, {"id": "187529542", "uri": "https://www.inaturalist.org/observations/187529542", "observed_on_details": {"date": "2023-10-14T15:19:00+02:00", "day": 14, "month": 10, "year": 2023}, "quality_grade": "research", "taxon": {"id": "42184", "name": null}, "default_photo": {"url": "https://inaturalist-open-data.s3.amazonaws.com/photos/327962567/large.jpg"}, "user": {"login": "albissers_grund"}, "latitude": 49.850699, "longitude": 8.849973}, {"id": "187347555", "uri": "https://www.inaturalist.org/observations/187347555", "observed_on_details": {"date": "2023-10-12T11:54:03+02:00", "day": 12, "month": 10, "year": 2023}, "quality_grade": "research", "taxon": {"id": "42184", "name": null}, "default_photo": {"url": "https://inaturalist-open-data.s3.amazonaws.com/photos/327613622/large.jpg"}, "user": {"login": "thorrune"}, "latitude": 59.973305, "longitude": 10.725222}, {"id": "187002806", "uri": "https://www.inaturalist.org/observations/187002806", "observed_on_details": {"date": "2023-10-09T12:46:00+02:00", "day": 9, "month": 10, "year": 2023}, "quality_grade": "needs_id", "taxon": {"id": "42184", "name": null}, "default_photo": {"url": "https://inaturalist-open-data.s3.amazonaws.com/photos/326926138/large.jpeg"}, "user": {"login": "marcienne"}, "latitude": 42.540908, "longitude": 2.382554}, {"id": "187342712", "uri": "https://www.inaturalist.org/observations/187342712", "observed_on_details": {"date": "2023-10-07T18:14:28+02:00", "day": 7, "month": 10, "year": 2023}, "quality_grade": "research", "taxon": {"id": "42184", "name": null}, "default_photo": {"url": "https://static.inaturalist.org/photos/327604152/large.jpeg"}, "user": {"login": "niko_h"}, "latitude": 54.442027, "longitude": 11.252594}, {"id": "187232426", "uri": "https://www.inaturalist.org/observations/187232426", "observed_on_details": {"date": "2023-10-12T13:38:17+02:00", "day": 12, "month": 10, "year": 2023}, "quality_grade": "research", "taxon": {"id": "42184", "name": null}, "default_photo": {"url": "https://inaturalist-open-data.s3.amazonaws.com/photos/327386338/large.jpeg"}, "user": {"login": "jonas2492"}, "latitude": 55.824627, "longitude": 11.407193}, {"id": "187029140", "uri": "https://www.inaturalist.org/observations/187029140", "observed_on_details": {"date": "2023-10-08T15:43:18+02:00", "day": 8, "month": 10, "year": 2023}, "quality_grade": "research", "taxon": {"id": "42184", "name": null}, "default_photo": {"url": "https://static.inaturalist.org/photos/326985150/large.jpeg"}, "user": {"login": "arwentya"}, "latitude": 52.280218, "longitude": 9.193372}, {"id": "187458714", "uri": "https://www.inaturalist.org/observations/187458714", "observed_on_details": {"date": "2023-10-11T00:00:00+02:00", "day": 11, "month": 10, "year": 2023}, "quality_grade": "research", "taxon": {"id": "42184", "name": null}, "default_photo": {"url": "https://inaturalist-open-data.s3.amazonaws.com/photos/327833890/large.jpg"}, "user": {"login": "davidediana"}, "latitude": 44.425084, "longitude": 7.754144}, {"id": "187260573", "uri": "https://www.inaturalist.org/observations/187260573", "observed_on_details": {"date": "2023-08-22T06:00:00+02:00", "day": 22, "month": 8, "year": 2023}, "quality_grade": "research", "taxon": {"id": "42184", "name": null}, "default_photo": {"url": "https://static.inaturalist.org/photos/327438389/large.jpeg"}, "user": {"login": "nadinewm"}, "latitude": 47.050239, "longitude": 15.492225}, {"id": "186592355", "uri": "https://www.inaturalist.org/observations/186592355", "observed_on_details": {"date": "2023-10-07T10:13:39+02:00", "day": 7, "month": 10, "year": 2023}, "quality_grade": "research", "taxon": {"id": "42184", "name": null}, "default_photo": {"url": "https://inaturalist-open-data.s3.amazonaws.com/photos/326116269/large.jpg"}, "user": {"login": "samu4051"}, "latitude": 50.850922, "longitude": 11.594433}, {"id": "186976718", "uri": "https://www.inaturalist.org/observations/186976718", "observed_on_details": {"date": null, "day": null, "month": null, "year": null}, "quality_grade": null, "taxon": {"id": "42184", "name": null}, "default_photo": {"url": null}, "user": {"login": null}, "latitude": null, "longitude": null}, {"id": "187164351", "uri": "https://www.inaturalist.org/observations/187164351", "observed_on_details": {"date": "2023-10-03T00:00:00+02:00", "day": 3, "month": 10, "year": 2023}, "quality_grade": "research", "taxon": {"id": "42184", "name": null}, "default_photo": {"url": "https://inaturalist-open-data.s3.amazonaws.com/photos/327252716/large.jpeg"}, "user": {"login": "kerstin_h"}, "latitude": 51.032783, "longitude": 7.417652}, {"id": "187102522", "uri": "https://www.inaturalist.org/observations/187102522", "observed_on_details": {"date": "2023-08-04T12:09:00+02:00", "day": 4, "month": 8, "year": 2023}, "quality_grade": "research", "taxon": {"id": "42184", "name": null}, "default_photo": {"url": "https://inaturalist-open-data.s3.amazonaws.com/photos/327131569/large.jpg"}, "user": {"login": "give_peace_a_chance"}, "latitude": 49.286312, "longitude": -0.521241}, {"id": "186537920", "uri": "https://www.inaturalist.org/observations/186537920", "observed_on_details": {"date": "2023-10-07T08:13:00+02:00", "day": 7, "month": 10, "year": 2023}, "quality_grade": "research", "taxon": {"id": "42184", "name": null}, "default_photo": {"url": "https://inaturalist-open-data.s3.amazonaws.com/photos/326014403/large.jpg"}, "user": {"login": "tizianaciaghi"}, "latitude": 45.900548, "longitude": 10.97934}, {"id": "186667911", "uri": "https://www.inaturalist.org/observations/186667911", "observed_on_details": {"date": "2023-03-11T16:56:56+01:00", "day": 11, "month": 3, "year": 2023}, "quality_grade": "research", "taxon": {"id": "42184", "name": null}, "default_photo": {"url": "https://inaturalist-open-data.s3.amazonaws.com/photos/326269931/large.jpeg"}, "user": {"login": "maurycyandrzej"}, "latitude": 53.508442, "longitude": 15.055865}, {"id": "187173119", "uri": "https://www.inaturalist.org/observations/187173119", "observed_on_details": {"date": "2023-09-30T10:37:00+02:00", "day": 30, "month": 9, "year": 2023}, "quality_grade": "research", "taxon": {"id": "42184", "name": null}, "default_photo": {"url": "https://static.inaturalist.org/photos/327265053/large.jpg"}, "user": {"login": "frederic_griesbaum"}, "latitude": 54.885059, "longitude": 8.353942}, {"id": "187602394", "uri": "https://www.inaturalist.org/observations/187602394", "observed_on_details": {"date": "2023-03-15T14:44:00+01:00", "day": 15, "month": 3, "year": 2023}, "quality_grade": "research", "taxon": {"id": "42184", "name": null}, "default_photo": {"url": "https://inaturalist-open-data.s3.amazonaws.com/photos/328116996/large.jpeg"}, "user": {"login": "s_kai"}, "latitude": 49.38304, "longitude": 9.212492}, {"id": "187618210", "uri": "https://www.inaturalist.org/observations/187618210", "observed_on_details": {"date": "2023-10-07T12:30:07+02:00", "day": 7, "month": 10, "year": 2023}, "quality_grade": "research", "taxon": {"id": "42184", "name": null}, "default_photo": {"url": "https://static.inaturalist.org/photos/328148565/large.jpg"}, "user": {"login": "saskia64"}, "latitude": 47.719786, "longitude": 16.803925}, {"id": "186684643", "uri": "https://www.inaturalist.org/observations/186684643", "observed_on_details": {"date": "2023-10-07T08:16:00+02:00", "day": 7, "month": 10, "year": 2023}, "quality_grade": "research", "taxon": {"id": "42184", "name": null}, "default_photo": {"url": "https://inaturalist-open-data.s3.amazonaws.com/photos/326300952/large.jpeg"}, "user": {"login": "francobandera"}, "latitude": 45.900359, "longitude": 10.976348}, {"id": "187260583", "uri": "https://www.inaturalist.org/observations/187260583", "observed_on_details": {"date": "2023-08-23T07:56:00+02:00", "day": 23, "month": 8, "year": 2023}, "quality_grade": "research", "taxon": {"id": "42184", "name": null}, "default_photo": {"url": "https://static.inaturalist.org/photos/327438424/large.jpeg"}, "user": {"login": "nadinewm"}, "latitude": 47.050239, "longitude": 15.492225}, {"id": "186681763", "uri": "https://www.inaturalist.org/observations/186681763", "observed_on_details": {"date": "2023-10-08T12:33:23+02:00", "day": 8, "month": 10, "year": 2023}, "quality_grade": "research", "taxon": {"id": "42184", "name": null}, "default_photo": {"url": "https://static.inaturalist.org/photos/326295712/large.jpg"}, "user": {"login": "oephledoeff"}, "latitude": 56.829208, "longitude": 13.27203}, {"id": "187462359", "uri": "https://www.inaturalist.org/observations/187462359", "observed_on_details": {"date": "2023-10-14T09:51:42+02:00", "day": 14, "month": 10, "year": 2023}, "quality_grade": "research", "taxon": {"id": "42184", "name": null}, "default_photo": {"url": "https://static.inaturalist.org/photos/327842530/large.jpeg"}, "user": {"login": "christophe514"}, "latitude": 49.325694, "longitude": 2.485134}, {"id": "187415489", "uri": "https://www.inaturalist.org/observations/187415489", "observed_on_details": {"date": "2023-10-13T09:05:01+02:00", "day": 13, "month": 10, "year": 2023}, "quality_grade": "research", "taxon": {"id": "42184", "name": null}, "default_photo": {"url": "https://static.inaturalist.org/photos/327746224/large.jpeg"}, "user": {"login": "ina83"}, "latitude": 59.136523, "longitude": 9.676276}, {"id": "187355387", "uri": "https://www.inaturalist.org/observations/187355387", "observed_on_details": {"date": "2023-10-13T13:27:22+02:00", "day": 13, "month": 10, "year": 2023}, "quality_grade": "research", "taxon": {"id": "42184", "name": null}, "default_photo": {"url": "https://inaturalist-open-data.s3.amazonaws.com/photos/327629298/large.jpeg"}, "user": {"login": "sadol"}, "latitude": 51.191073, "longitude": 19.289398}, {"id": "186698543", "uri": "https://www.inaturalist.org/observations/186698543", "observed_on_details": {"date": "2023-10-08T12:32:48+02:00", "day": 8, "month": 10, "year": 2023}, "quality_grade": "research", "taxon": {"id": "42184", "name": null}, "default_photo": {"url": "https://static.inaturalist.org/photos/326326638/large.jpeg"}, "user": {"login": "naturalist96914"}, "latitude": 56.982023, "longitude": 24.428815}, {"id": "187534177", "uri": "https://www.inaturalist.org/observations/187534177", "observed_on_details": {"date": "2023-05-21T07:09:00+02:00", "day": 21, "month": 5, "year": 2023}, "quality_grade": "research", "taxon": {"id": "42184", "name": null}, "default_photo": {"url": "https://inaturalist-open-data.s3.amazonaws.com/photos/327978787/large.jpeg"}, "user": {"login": "s_kai"}, "latitude": 52.575857, "longitude": 12.564382}, {"id": "186535088", "uri": "https://www.inaturalist.org/observations/186535088", "observed_on_details": {"date": "2023-10-07T15:10:10+02:00", "day": 7, "month": 10, "year": 2023}, "quality_grade": "research", "taxon": {"id": "42184", "name": null}, "default_photo": {"url": "https://inaturalist-open-data.s3.amazonaws.com/photos/326010315/large.jpeg"}, "user": {"login": "mattnewnham"}, "latitude": 51.207241, "longitude": -0.649549}, {"id": "187611871", "uri": "https://www.inaturalist.org/observations/187611871", "observed_on_details": {"date": "2023-10-15T11:56:32+02:00", "day": 15, "month": 10, "year": 2023}, "quality_grade": "needs_id", "taxon": {"id": "42184", "name": null}, "default_photo": {"url": "https://inaturalist-open-data.s3.amazonaws.com/photos/328135866/large.jpg"}, "user": {"login": "jannik_kolb"}, "latitude": 48.34784, "longitude": 14.270065}, {"id": "187250704", "uri": "https://www.inaturalist.org/observations/187250704", "observed_on_details": {"date": "2023-10-12T14:59:13+02:00", "day": 12, "month": 10, "year": 2023}, "quality_grade": "research", "taxon": {"id": "42184", "name": null}, "default_photo": {"url": "https://inaturalist-open-data.s3.amazonaws.com/photos/327420674/large.jpg"}, "user": {"login": "bradymh"}, "latitude": 51.383378, "longitude": -0.628097}, {"id": "187425903", "uri": "https://www.inaturalist.org/observations/187425903", "observed_on_details": {"date": "2023-10-13T13:32:41+02:00", "day": 13, "month": 10, "year": 2023}, "quality_grade": "research", "taxon": {"id": "42184", "name": null}, "default_photo": {"url": "https://static.inaturalist.org/photos/327766382/large.jpeg"}, "user": {"login": "bobo-x"}, "latitude": 51.135612, "longitude": 23.403639}, {"id": "187458640", "uri": "https://www.inaturalist.org/observations/187458640", "observed_on_details": {"date": "2023-10-11T00:00:00+02:00", "day": 11, "month": 10, "year": 2023}, "quality_grade": "research", "taxon": {"id": "42184", "name": null}, "default_photo": {"url": "https://inaturalist-open-data.s3.amazonaws.com/photos/327833637/large.jpg"}, "user": {"login": "davidediana"}, "latitude": 44.425084, "longitude": 7.754144}, {"id": "187401463", "uri": "https://www.inaturalist.org/observations/187401463", "observed_on_details": {"date": "2023-10-13T13:52:46+02:00", "day": 13, "month": 10, "year": 2023}, "quality_grade": "research", "taxon": {"id": "42184", "name": null}, "default_photo": {"url": "https://inaturalist-open-data.s3.amazonaws.com/photos/327719050/large.jpeg"}, "user": {"login": "mikat78"}, "latitude": 59.319136, "longitude": 10.751622}, {"id": "187250885", "uri": "https://www.inaturalist.org/observations/187250885", "observed_on_details": {"date": "2023-05-17T21:19:00+02:00", "day": 17, "month": 5, "year": 2023}, "quality_grade": "research", "taxon": {"id": "42184", "name": null}, "default_photo": {"url": "https://inaturalist-open-data.s3.amazonaws.com/photos/327420613/large.png"}, "user": {"login": "rss500"}, "latitude": 50.952469, "longitude": -2.788234}, {"id": "187278448", "uri": "https://www.inaturalist.org/observations/187278448", "observed_on_details": {"date": "2023-10-12T18:26:55+02:00", "day": 12, "month": 10, "year": 2023}, "quality_grade": "research", "taxon": {"id": "42184", "name": null}, "default_photo": {"url": "https://static.inaturalist.org/photos/327473990/large.jpg"}, "user": {"login": "morrisbio"}, "latitude": 58.874035, "longitude": 11.163954}, {"id": "187249048", "uri": "https://www.inaturalist.org/observations/187249048", "observed_on_details": {"date": "2023-07-27T16:45:00+02:00", "day": 27, "month": 7, "year": 2023}, "quality_grade": "research", "taxon": {"id": "42184", "name": null}, "default_photo": {"url": "https://static.inaturalist.org/photos/327416347/large.jpg"}, "user": {"login": "marcosreinoso"}, "latitude": 42.655204, "longitude": -7.195274}, {"id": "187483186", "uri": "https://www.inaturalist.org/observations/187483186", "observed_on_details": {"date": "2023-10-14T14:25:13+02:00", "day": 14, "month": 10, "year": 2023}, "quality_grade": "research", "taxon": {"id": "42184", "name": null}, "default_photo": {"url": "https://inaturalist-open-data.s3.amazonaws.com/photos/327880928/large.jpg"}, "user": {"login": "tadpole1tail"}, "latitude": 46.719212, "longitude": -0.604233}, {"id": "187161794", "uri": "https://www.inaturalist.org/observations/187161794", "observed_on_details": {"date": "2022-06-12T09:36:00+02:00", "day": 12, "month": 6, "year": 2022}, "quality_grade": "research", "taxon": {"id": "42184", "name": null}, "default_photo": {"url": "https://inaturalist-open-data.s3.amazonaws.com/photos/327247233/large.jpg"}, "user": {"login": "sergey-k"}, "latitude": 59.700402, "longitude": 30.501021}, {"id": "187270244", "uri": "https://www.inaturalist.org/observations/187270244", "observed_on_details": {"date": "2020-08-19T08:38:00+02:00", "day": 19, "month": 8, "year": 2020}, "quality_grade": "research", "taxon": {"id": "42184", "name": null}, "default_photo": {"url": "https://inaturalist-open-data.s3.amazonaws.com/photos/327457303/large.jpg"}, "user": {"login": "vladimirarkhipov"}, "latitude": 54.913172, "longitude": 37.681226}, {"id": "186598200", "uri": "https://www.inaturalist.org/observations/186598200", "observed_on_details": {"date": "2023-08-19T19:49:00+02:00", "day": 19, "month": 8, "year": 2023}, "quality_grade": "research", "taxon": {"id": "42184", "name": null}, "default_photo": {"url": "https://static.inaturalist.org/photos/326127220/large.jpg"}, "user": {"login": "jozsef-naturalist"}, "latitude": 51.0206, "longitude": -0.7475}, {"id": "187342586", "uri": "https://www.inaturalist.org/observations/187342586", "observed_on_details": {"date": "2023-10-11T17:22:48+02:00", "day": 11, "month": 10, "year": 2023}, "quality_grade": "research", "taxon": {"id": "42184", "name": null}, "default_photo": {"url": "https://static.inaturalist.org/photos/327603720/large.jpeg"}, "user": {"login": "niko_h"}, "latitude": 54.442975, "longitude": 11.253594}, {"id": "186691604", "uri": "https://www.inaturalist.org/observations/186691604", "observed_on_details": {"date": "2023-10-08T15:36:48+02:00", "day": 8, "month": 10, "year": 2023}, "quality_grade": "needs_id", "taxon": {"id": "42184", "name": null}, "default_photo": {"url": "https://inaturalist-open-data.s3.amazonaws.com/photos/326314713/large.jpeg"}, "user": {"login": "the_ewilone"}, "latitude": 55.914186, "longitude": 13.987917}, {"id": "186691333", "uri": "https://www.inaturalist.org/observations/186691333", "observed_on_details": {"date": "2023-10-08T14:59:57+02:00", "day": 8, "month": 10, "year": 2023}, "quality_grade": "needs_id", "taxon": {"id": "42184", "name": null}, "default_photo": {"url": "https://inaturalist-open-data.s3.amazonaws.com/photos/326314287/large.jpeg"}, "user": {"login": "the_ewilone"}, "latitude": 55.9006, "longitude": 13.997961}, {"id": "187392014", "uri": "https://www.inaturalist.org/observations/187392014", "observed_on_details": {"date": "2023-10-10T15:34:00+02:00", "day": 10, "month": 10, "year": 2023}, "quality_grade": "research", "taxon": {"id": "42184", "name": null}, "default_photo": {"url": "https://inaturalist-open-data.s3.amazonaws.com/photos/327699648/large.jpg"}, "user": {"login": "kenayd"}, "latitude": 56.952083, "longitude": -2.225703}, {"id": "186655935", "uri": "https://www.inaturalist.org/observations/186655935", "observed_on_details": {"date": "2023-10-07T18:35:00+02:00", "day": 7, "month": 10, "year": 2023}, "quality_grade": "research", "taxon": {"id": "42184", "name": null}, "default_photo": {"url": "https://inaturalist-open-data.s3.amazonaws.com/photos/326246152/large.jpeg"}, "user": {"login": "erwinsieben"}, "latitude": 52.170138, "longitude": 6.426016}, {"id": "187639039", "uri": "https://www.inaturalist.org/observations/187639039", "observed_on_details": {"date": "2023-10-14T11:05:32+02:00", "day": 14, "month": 10, "year": 2023}, "quality_grade": "needs_id", "taxon": {"id": "42184", "name": null}, "default_photo": {"url": "https://static.inaturalist.org/photos/328189857/large.jpeg"}, "user": {"login": "ignasi3"}, "latitude": 42.249956, "longitude": 3.228039}, {"id": "187505216", "uri": "https://www.inaturalist.org/observations/187505216", "observed_on_details": {"date": "2023-10-14T13:36:00+02:00", "day": 14, "month": 10, "year": 2023}, "quality_grade": "research", "taxon": {"id": "42184", "name": null}, "default_photo": {"url": "https://inaturalist-open-data.s3.amazonaws.com/photos/328123879/large.jpg"}, "user": {"login": "skravchuk"}, "latitude": 52.471936, "longitude": 23.858072}, {"id": "186545509", "uri": "https://www.inaturalist.org/observations/186545509", "observed_on_details": {"date": "2023-10-06T18:43:00+02:00", "day": 6, "month": 10, "year": 2023}, "quality_grade": "research", "taxon": {"id": "42184", "name": null}, "default_photo": {"url": "https://inaturalist-open-data.s3.amazonaws.com/photos/326028374/large.png"}, "user": {"login": "jradamontes"}, "latitude": 43.036597, "longitude": -8.398522}, {"id": "187616099", "uri": "https://www.inaturalist.org/observations/187616099", "observed_on_details": {"date": "2023-09-04T02:41:00+02:00", "day": 4, "month": 9, "year": 2023}, "quality_grade": "needs_id", "taxon": {"id": "42184", "name": null}, "default_photo": {"url": "https://static.inaturalist.org/photos/328143994/large.jpg"}, "user": {"login": "markod"}, "latitude": 45.514067, "longitude": 17.765999}, {"id": "187228191", "uri": "https://www.inaturalist.org/observations/187228191", "observed_on_details": {"date": "2023-10-12T12:31:34+02:00", "day": 12, "month": 10, "year": 2023}, "quality_grade": "research", "taxon": {"id": "42184", "name": null}, "default_photo": {"url": "https://static.inaturalist.org/photos/327377645/large.jpeg"}, "user": {"login": "only_human"}, "latitude": 50.27071, "longitude": 7.410222}, {"id": "187216962", "uri": "https://www.inaturalist.org/observations/187216962", "observed_on_details": {"date": "2023-10-11T08:00:00+02:00", "day": 11, "month": 10, "year": 2023}, "quality_grade": "research", "taxon": {"id": "42184", "name": null}, "default_photo": {"url": "https://static.inaturalist.org/photos/327356239/large.jpg"}, "user": {"login": "andreaalfieri1"}, "latitude": 45.783161, "longitude": 8.996093}, {"id": "186662087", "uri": "https://www.inaturalist.org/observations/186662087", "observed_on_details": {"date": null, "day": null, "month": null, "year": null}, "quality_grade": null, "taxon": {"id": "42184", "name": null}, "default_photo": {"url": null}, "user": {"login": null}, "latitude": null, "longitude": null}, {"id": "187509280", "uri": "https://www.inaturalist.org/observations/187509280", "observed_on_details": {"date": "2023-10-14T16:09:00+02:00", "day": 14, "month": 10, "year": 2023}, "quality_grade": "research", "taxon": {"id": "42184", "name": null}, "default_photo": {"url": "https://static.inaturalist.org/photos/327930806/large.jpeg"}, "user": {"login": "dellimuffin"}, "latitude": 44.83285, "longitude": 5.843736}, {"id": "186597474", "uri": "https://www.inaturalist.org/observations/186597474", "observed_on_details": {"date": "2023-08-12T14:28:00+02:00", "day": 12, "month": 8, "year": 2023}, "quality_grade": "research", "taxon": {"id": "42184", "name": null}, "default_photo": {"url": "https://static.inaturalist.org/photos/326126292/large.jpg"}, "user": {"login": "jozsef-naturalist"}, "latitude": 51.0281, "longitude": -0.7622}, {"id": "187615121", "uri": "https://www.inaturalist.org/observations/187615121", "observed_on_details": {"date": "2023-09-12T14:52:00+02:00", "day": 12, "month": 9, "year": 2023}, "quality_grade": "needs_id", "taxon": {"id": "42184", "name": null}, "default_photo": {"url": "https://static.inaturalist.org/photos/328142574/large.jpg"}, "user": {"login": "markod"}, "latitude": 45.462677, "longitude": 17.863953}, {"id": "187635410", "uri": "https://www.inaturalist.org/observations/187635410", "observed_on_details": {"date": "2023-10-15T14:14:00+02:00", "day": 15, "month": 10, "year": 2023}, "quality_grade": "needs_id", "taxon": {"id": "42184", "name": null}, "default_photo": {"url": "https://inaturalist-open-data.s3.amazonaws.com/photos/328178854/large.jpeg"}, "user": {"login": "neils"}, "latitude": 51.587149, "longitude": -0.463862}, {"id": "187611985", "uri": "https://www.inaturalist.org/observations/187611985", "observed_on_details": {"date": "2023-09-22T10:14:00+02:00", "day": 22, "month": 9, "year": 2023}, "quality_grade": "needs_id", "taxon": {"id": "42184", "name": null}, "default_photo": {"url": "https://static.inaturalist.org/photos/328136197/large.jpg"}, "user": {"login": "markod"}, "latitude": 45.487026, "longitude": 17.854248}, {"id": "186695145", "uri": "https://www.inaturalist.org/observations/186695145", "observed_on_details": {"date": "2023-09-23T10:34:00+02:00", "day": 23, "month": 9, "year": 2023}, "quality_grade": "research", "taxon": {"id": "42184", "name": null}, "default_photo": {"url": "https://static.inaturalist.org/photos/326321018/large.jpg"}, "user": {"login": "umbe_giulia"}, "latitude": 44.29432, "longitude": 7.505122}, {"id": "187005384", "uri": "https://www.inaturalist.org/observations/187005384", "observed_on_details": {"date": "2022-04-05T19:53:00+02:00", "day": 5, "month": 4, "year": 2022}, "quality_grade": "research", "taxon": {"id": "42184", "name": null}, "default_photo": {"url": "https://inaturalist-open-data.s3.amazonaws.com/photos/326935302/large.jpg"}, "user": {"login": "fjh-fotography"}, "latitude": 55.427575, "longitude": 8.380626}, {"id": "186557552", "uri": "https://www.inaturalist.org/observations/186557552", "observed_on_details": {"date": "2023-10-07T18:08:52+02:00", "day": 7, "month": 10, "year": 2023}, "quality_grade": "needs_id", "taxon": {"id": "42184", "name": null}, "default_photo": {"url": "https://inaturalist-open-data.s3.amazonaws.com/photos/327595933/large.jpeg"}, "user": {"login": "daniela_secas"}, "latitude": 40.993608, "longitude": -3.428129}, {"id": "186600828", "uri": "https://www.inaturalist.org/observations/186600828", "observed_on_details": {"date": "2023-09-28T20:16:00+02:00", "day": 28, "month": 9, "year": 2023}, "quality_grade": "research", "taxon": {"id": "42184", "name": null}, "default_photo": {"url": "https://inaturalist-open-data.s3.amazonaws.com/photos/326131871/large.jpg"}, "user": {"login": "daniela_secas"}, "latitude": 40.96184, "longitude": -3.552381}, {"id": "187458532", "uri": "https://www.inaturalist.org/observations/187458532", "observed_on_details": {"date": "2023-10-14T08:42:11+02:00", "day": 14, "month": 10, "year": 2023}, "quality_grade": "needs_id", "taxon": {"id": "42184", "name": null}, "default_photo": {"url": "https://inaturalist-open-data.s3.amazonaws.com/photos/327833361/large.jpg"}, "user": {"login": "debbievb1"}, "latitude": 51.071286, "longitude": -2.649662}, {"id": "186591090", "uri": "https://www.inaturalist.org/observations/186591090", "observed_on_details": {"date": "2023-05-02T08:44:00+02:00", "day": 2, "month": 5, "year": 2023}, "quality_grade": "research", "taxon": {"id": "42184", "name": null}, "default_photo": {"url": "https://inaturalist-open-data.s3.amazonaws.com/photos/326108414/large.jpeg"}, "user": {"login": "kamody"}, "latitude": 49.995689, "longitude": 8.036509}, {"id": "186558256", "uri": "https://www.inaturalist.org/observations/186558256", "observed_on_details": {"date": "2023-08-19T10:24:55+02:00", "day": 19, "month": 8, "year": 2023}, "quality_grade": "research", "taxon": {"id": "42184", "name": null}, "default_photo": {"url": "https://static.inaturalist.org/photos/326051947/large.jpeg"}, "user": {"login": "krstn_zg"}, "latitude": 50.556708, "longitude": 7.276669}, {"id": "187542064", "uri": "https://www.inaturalist.org/observations/187542064", "observed_on_details": {"date": "2023-10-14T15:39:00+02:00", "day": 14, "month": 10, "year": 2023}, "quality_grade": "needs_id", "taxon": {"id": "42184", "name": null}, "default_photo": {"url": "https://static.inaturalist.org/photos/327995035/large.jpeg"}, "user": {"login": "kroolik"}, "latitude": 51.938172, "longitude": 21.362276}, {"id": "186993953", "uri": "https://www.inaturalist.org/observations/186993953", "observed_on_details": {"date": "2023-10-10T13:41:52+02:00", "day": 10, "month": 10, "year": 2023}, "quality_grade": "research", "taxon": {"id": "42184", "name": null}, "default_photo": {"url": "https://static.inaturalist.org/photos/326939223/large.jpeg"}, "user": {"login": "gingerbadjie"}, "latitude": 50.864889, "longitude": -0.369303}, {"id": "187260578", "uri": "https://www.inaturalist.org/observations/187260578", "observed_on_details": {"date": "2023-08-23T07:56:00+02:00", "day": 23, "month": 8, "year": 2023}, "quality_grade": "research", "taxon": {"id": "42184", "name": null}, "default_photo": {"url": "https://static.inaturalist.org/photos/327438415/large.jpeg"}, "user": {"login": "nadinewm"}, "latitude": 47.050239, "longitude": 15.492225}, {"id": "187627395", "uri": "https://www.inaturalist.org/observations/187627395", "observed_on_details": {"date": "2023-10-15T14:25:32+02:00", "day": 15, "month": 10, "year": 2023}, "quality_grade": "needs_id", "taxon": {"id": "42184", "name": null}, "default_photo": {"url": "https://inaturalist-open-data.s3.amazonaws.com/photos/328166619/large.jpg"}, "user": {"login": "emcik253"}, "latitude": 56.042245, "longitude": 26.733958}, {"id": "186701221", "uri": "https://www.inaturalist.org/observations/186701221", "observed_on_details": {"date": null, "day": null, "month": null, "year": null}, "quality_grade": "research", "taxon": {"id": "42184", "name": null}, "default_photo": {"url": "https://inaturalist-open-data.s3.amazonaws.com/photos/326329327/large.jpg"}, "user": {"login": "mani_raab"}, "latitude": 47.390938, "longitude": 15.866356}, {"id": "187260585", "uri": "https://www.inaturalist.org/observations/187260585", "observed_on_details": {"date": "2023-08-23T19:46:00+02:00", "day": 23, "month": 8, "year": 2023}, "quality_grade": "research", "taxon": {"id": "42184", "name": null}, "default_photo": {"url": "https://static.inaturalist.org/photos/327438436/large.jpeg"}, "user": {"login": "nadinewm"}, "latitude": 47.050239, "longitude": 15.492225}, {"id": "187517205", "uri": "https://www.inaturalist.org/observations/187517205", "observed_on_details": {"date": "2023-10-14T11:49:46+02:00", "day": 14, "month": 10, "year": 2023}, "quality_grade": "research", "taxon": {"id": "42184", "name": null}, "default_photo": {"url": "https://static.inaturalist.org/photos/327946610/large.jpeg"}, "user": {"login": "niko_mandl"}, "latitude": 47.832552, "longitude": 12.379289}, {"id": "187458601", "uri": "https://www.inaturalist.org/observations/187458601", "observed_on_details": {"date": "2023-10-11T00:00:00+02:00", "day": 11, "month": 10, "year": 2023}, "quality_grade": "research", "taxon": {"id": "42184", "name": null}, "default_photo": {"url": "https://inaturalist-open-data.s3.amazonaws.com/photos/327833551/large.jpg"}, "user": {"login": "davidediana"}, "latitude": 44.425084, "longitude": 7.754144}, {"id": "186558433", "uri": "https://www.inaturalist.org/observations/186558433", "observed_on_details": {"date": "2023-10-07T15:52:31+02:00", "day": 7, "month": 10, "year": 2023}, "quality_grade": "research", "taxon": {"id": "42184", "name": null}, "default_photo": {"url": "https://inaturalist-open-data.s3.amazonaws.com/photos/326052177/large.jpeg"}, "user": {"login": "pablo62500"}, "latitude": 50.766892, "longitude": 2.343501}, {"id": "187520728", "uri": "https://www.inaturalist.org/observations/187520728", "observed_on_details": {"date": "2023-10-14T13:58:00+02:00", "day": 14, "month": 10, "year": 2023}, "quality_grade": "needs_id", "taxon": {"id": "42184", "name": null}, "default_photo": {"url": "https://inaturalist-open-data.s3.amazonaws.com/photos/327945855/large.jpeg"}, "user": {"login": "petzenbeer"}, "latitude": 46.864866, "longitude": 13.754686}, {"id": "186674453", "uri": "https://www.inaturalist.org/observations/186674453", "observed_on_details": {"date": "2023-09-27T07:19:00+02:00", "day": 27, "month": 9, "year": 2023}, "quality_grade": "research", "taxon": {"id": "42184", "name": null}, "default_photo": {"url": "https://inaturalist-open-data.s3.amazonaws.com/photos/326281909/large.jpeg"}, "user": {"login": "asriel82"}, "latitude": 44.012629, "longitude": 1.418829}, {"id": "186618901", "uri": "https://www.inaturalist.org/observations/186618901", "observed_on_details": {"date": "2022-11-03T20:41:00+01:00", "day": 3, "month": 11, "year": 2022}, "quality_grade": "research", "taxon": {"id": "42184", "name": null}, "default_photo": {"url": "https://inaturalist-open-data.s3.amazonaws.com/photos/326166477/large.jpg"}, "user": {"login": "dawn2022"}, "latitude": 54.874489, "longitude": -3.084119}, {"id": "187315555", "uri": "https://www.inaturalist.org/observations/187315555", "observed_on_details": {"date": "2023-10-12T20:14:45+02:00", "day": 12, "month": 10, "year": 2023}, "quality_grade": "needs_id", "taxon": {"id": "42184", "name": null}, "default_photo": {"url": "https://inaturalist-open-data.s3.amazonaws.com/photos/327548786/large.jpg"}, "user": {"login": "marcellotaglialatela"}, "latitude": 46.004125, "longitude": 11.0309}, {"id": "186993302", "uri": "https://www.inaturalist.org/observations/186993302", "observed_on_details": {"date": "2023-10-10T16:14:00+02:00", "day": 10, "month": 10, "year": 2023}, "quality_grade": "research", "taxon": {"id": "42184", "name": null}, "default_photo": {"url": "https://inaturalist-open-data.s3.amazonaws.com/photos/326911737/large.png"}, "user": {"login": "infamiis"}, "latitude": 51.133986, "longitude": 16.884196}, {"id": "187371701", "uri": "https://www.inaturalist.org/observations/187371701", "observed_on_details": {"date": "2023-10-13T17:14:56+02:00", "day": 13, "month": 10, "year": 2023}, "quality_grade": "research", "taxon": {"id": "42184", "name": null}, "default_photo": {"url": "https://static.inaturalist.org/photos/327660814/large.jpeg"}, "user": {"login": "utopia1"}, "latitude": 47.745506, "longitude": 2.749521}, {"id": "187489353", "uri": "https://www.inaturalist.org/observations/187489353", "observed_on_details": {"date": "2023-10-14T09:14:00+02:00", "day": 14, "month": 10, "year": 2023}, "quality_grade": "research", "taxon": {"id": "42184", "name": null}, "default_photo": {"url": "https://inaturalist-open-data.s3.amazonaws.com/photos/327892122/large.jpeg"}, "user": {"login": "markusgmeiner"}, "latitude": 51.856351, "longitude": 5.898783}, {"id": "187615657", "uri": "https://www.inaturalist.org/observations/187615657", "observed_on_details": {"date": "2023-10-15T12:52:24+02:00", "day": 15, "month": 10, "year": 2023}, "quality_grade": "needs_id", "taxon": {"id": "42184", "name": null}, "default_photo": {"url": "https://inaturalist-open-data.s3.amazonaws.com/photos/328143386/large.jpg"}, "user": {"login": "lulaningning"}, "latitude": 53.480117, "longitude": 12.690112}, {"id": "186551235", "uri": "https://www.inaturalist.org/observations/186551235", "observed_on_details": {"date": "2023-10-05T13:20:00+02:00", "day": 5, "month": 10, "year": 2023}, "quality_grade": "research", "taxon": {"id": "42184", "name": null}, "default_photo": {"url": "https://inaturalist-open-data.s3.amazonaws.com/photos/326036747/large.jpg"}, "user": {"login": "albissers_grund"}, "latitude": 50.447989, "longitude": 8.909006}, {"id": "187527684", "uri": "https://www.inaturalist.org/observations/187527684", "observed_on_details": {"date": "2021-05-02T20:52:00+02:00", "day": 2, "month": 5, "year": 2021}, "quality_grade": "research", "taxon": {"id": "42184", "name": null}, "default_photo": {"url": "https://static.inaturalist.org/photos/327966433/large.jpg"}, "user": {"login": "iyptala"}, "latitude": 44.000053, "longitude": 0.062266}, {"id": "187509700", "uri": "https://www.inaturalist.org/observations/187509700", "observed_on_details": {"date": "2023-09-11T14:27:00+02:00", "day": 11, "month": 9, "year": 2023}, "quality_grade": "research", "taxon": {"id": "42184", "name": null}, "default_photo": {"url": "https://inaturalist-open-data.s3.amazonaws.com/photos/327932320/large.jpg"}, "user": {"login": "wolflutz"}, "latitude": 46.587508, "longitude": 14.136539}, {"id": "187520149", "uri": "https://www.inaturalist.org/observations/187520149", "observed_on_details": {"date": "2023-09-24T17:36:00+02:00", "day": 24, "month": 9, "year": 2023}, "quality_grade": "research", "taxon": {"id": "42184", "name": null}, "default_photo": {"url": "https://inaturalist-open-data.s3.amazonaws.com/photos/327951613/large.jpeg"}, "user": {"login": "protd"}, "latitude": 45.798722, "longitude": 14.252}, {"id": "187543650", "uri": "https://www.inaturalist.org/observations/187543650", "observed_on_details": {"date": "2023-10-14T09:11:05+02:00", "day": 14, "month": 10, "year": 2023}, "quality_grade": "needs_id", "taxon": {"id": "42184", "name": null}, "default_photo": {"url": "https://inaturalist-open-data.s3.amazonaws.com/photos/327998363/large.jpeg"}, "user": {"login": "francesco_peterlana"}, "latitude": 45.927494, "longitude": 10.86214}, {"id": "187343021", "uri": "https://www.inaturalist.org/observations/187343021", "observed_on_details": {"date": "2023-10-05T22:31:33+02:00", "day": 5, "month": 10, "year": 2023}, "quality_grade": "research", "taxon": {"id": "42184", "name": null}, "default_photo": {"url": "https://static.inaturalist.org/photos/327604882/large.jpeg"}, "user": {"login": "niko_h"}, "latitude": 54.45996, "longitude": 11.133741}, {"id": "187380310", "uri": "https://www.inaturalist.org/observations/187380310", "observed_on_details": {"date": "2023-10-13T14:28:13+02:00", "day": 13, "month": 10, "year": 2023}, "quality_grade": "research", "taxon": {"id": "42184", "name": null}, "default_photo": {"url": "https://inaturalist-open-data.s3.amazonaws.com/photos/327676681/large.jpg"}, "user": {"login": "stanislav_murashkin"}, "latitude": 50.360656, "longitude": 42.174221}, {"id": "187000989", "uri": "https://www.inaturalist.org/observations/187000989", "observed_on_details": {"date": "2023-10-02T10:23:34+02:00", "day": 2, "month": 10, "year": 2023}, "quality_grade": "research", "taxon": {"id": "42184", "name": null}, "default_photo": {"url": "https://static.inaturalist.org/photos/326926655/large.jpeg"}, "user": {"login": "vitalinalobanova"}, "latitude": 47.334917, "longitude": 9.406594}, {"id": "187498386", "uri": "https://www.inaturalist.org/observations/187498386", "observed_on_details": {"date": "2023-09-28T16:55:27+02:00", "day": 28, "month": 9, "year": 2023}, "quality_grade": "research", "taxon": {"id": "42184", "name": null}, "default_photo": {"url": "https://static.inaturalist.org/photos/327909799/large.jpg"}, "user": {"login": "olimbai"}, "latitude": 55.593584, "longitude": -1.67236}]